Abbott, Simon
Abdul Yekeen, Abdul Fatah
Alemohammad, Mehdi
Allen, Michael
Ambridge, Anne
Anderson, Liezl
Arevshatian, Lilith
Avgerinou, Christina
Baker, Anne M.
Banks, Adrian P.
Barsi, Attila
Barton, Stephen J.
Beauregard, T. Alexandra
Beighton, Carole
Belk, Celia
Bell, Jake
Black, John JM
Blair, Laura
Bokor, László
Bolland, Rachael
Boorman, Alex
Booth, Alison
Booth, Jonathan
Borg Xuereb, Rita
Bowers, Roy
Brock, Nicola
Calnan, Rebecca
Calonder, Caroline
Camilleri, Liberato
Caputi, A. P.
Carson, Andy
Carvalho Gomes Da Silva, Fabio
Chehonadskih, Maria
Chisholm, Alison
Chmura, Aleksei Avery
Clark, Zoe
Clarke, David
Clarke, Natasha
Collier, Lesley
Cooke, Matthew W
Coward, Melaine
Coxon, Kirstie
Coyle, A.
Cronin-Davis, Jane
Cserkaszky, Aron
Daly, Vince
Darling, David
Davies, Eleanor M. M.
Deakin, Charles D
Debono, Christie
Do, Hang
Drennan, Vari
Drennan, Vari M
Eiliazadeh, Anthony L.
Elliott, Peter
English, Michael
Ennis, James
Fatehrad, Azadeh
Fayter, Deborah
Ferreira, Zenia
Flynn, Matt
Foot, Peter J.S.
Fowler, Fiona
Frost, Rachael
Gabe, Jonathan
Gage, Heather
Gardner, Benjamin
Gates, Simon
Gavin, Paul
Gaymes, Terry J.
Geis, Angels
Geisemeyer, Sarah
Genus, Audley
Ghatora, Baljit K.
Giles, Rachel
Gleeson, K.
Goodman, Claire
Gowing, Francesca
Grant, Robert
Grieves, Keith
Halter, Mary
Han, Kyee
Hancock, Chris
Harper, Lynette
Harries, Priscilla
Harris, Ruth
Hassenkamp, Ann-Marie
Heinrich, Martina Isabel
Hirabayashi, Naotugu
Hoette, Ruby
Holdsworth, Claire M.
Holland, Sinead
Hollowell, Jennifer
Hooda, P.
Horton, Jessica
Hulme, Claire
Humphry, Debbie
Hunt, James E.
Hunter, Rachael
Hurley, Michael V.
Husseini, Nahid
Iglesias, Cynthia
Iliffe, Steve
Iskandarova, Marfuga
Jakob, Anke
Jakucione, Indre
Jamel, Joanna
Jansen, Megan
Jarvis, Ian
Jones, Fiona
Jones, Rebecca
Jovicic, Ana
Kara, Peter
Karanam, Vijaya Lakshmi
Kasperova, Eva
Kay, Lesley
Kelly, Alison
Kennedy, Bernadette
Khan, Ghulam Y.
Kharicha, Kalpa
Knifton, Robert
Koch, M.
Koskela, Sian A.
Lall, Ranjit
Lalor, Simon
Lamb, Sarah E
Liljas, Ann
Malik, Rizwan
Malouf, Reem
Manchester, Helen
Manthorpe, Jill
Marcellusi, A.
Marcobelli, A.
Marsden, Daniel
Marshall, Justin
Marti, Joachim
Martini, Maria
Maude, Kulwinder
McCabe, Christopher
McCaughan, Dorothy
McDaid, Catriona
McKenzie, Maxine
Melehi, Dina
Mennini, F. S.
Mennini, F.S.
Micklethwaite, Paul
Minors, Helen
Mohamedali, Azim
Mohiuddin, A.S.M.
Monteiro, Valdemar Celestino
Moore, Estelle
Moustafa, Eman
Mufti, Ghulam J.
Mukadam, Yasmin
Mulrooney, Hilda M
Nikolova, Silviya
O'Brien, Sorcha
O'Connor, Joanne
O'Connor, Rory
O'brien, Sorcha
Odeh, Bassel
Osako, Mitue
Oshima, Nobuo
O’Neill, Desmond
Papagni, Antonio
Papp, Tamas
Parcell, Garry
Parle, Jim
Perkins, Gavin D
Phillips, Margaret
Pocock, Helen
Pollmann, Alexa
Poslethwaite, Susan
Quinn, Tom
Ramdharry, Gita
Rauf, Abdur
Reeves, Scott
Ricciardi, Federico
Richardson, Jim
Richardson, Sally
Richardson, Thomas
Robert, Glenn
Roberts, Ron
Roberts, Sabrina B.
Rodriguez-Lopez, Roccio
Rolfe, Meghan Elizabeth
Rosser, Andrew
Rossi, Catharine
Rothle, Monika
Rowe, Rachel
Russell, Emma
Russo, A.
Ryan, Ali
Sammut, Alexei
Sammut, Jacqueline
Scerri, Josianne
Sciattella, P.
Shaw, Gary
Sigeta, Masahiro
Skelly, Alan
Slowther, Anne-Marie
Smallbone, David
Smyth, Mike
So, Man H.
Stockhammer, Engelbert
Streich, Ricarda
Su, Shih-Yun
Sutherland, Helen
Tapp, James
Thatti, Ravtej S.
Thiel, Kat
Thomson, Di
Tomizawa, Ryoko
Toraldo, B.
Toran, Noam
Treadaway, Cathy
Trease, Claire Heather
Uddin, Md. Jashim
Ullah, Farid
Unsworth, Carolyn A.
Vaghi, Luca
Van der Heijden, Beatrice I. J. M.
Vieira, Ana
Walters, Kate
Wheeler, Carly
Whiteley, C.
Whitfield, Richard
Whittle, Stephen
Wikstrom, Josefine
Wildauer, Rafael
Wilkinson, John L.
Williams, Amanda
Wilson, Kate
Wolfram, Hans-Joachim
Wood, Jane L.
Wood, John
Woods, Stephen A.
Woolery, Kritsten
Woollard, Malcolm
Wright, John
Wyatt, Ross
Xuereb, Rita Borg
Yamano, Mayumi
Young, Sharon
de Lusignan, Simon
ten Bhomer, Marloes